500万人小国，凭什么做到教育世界第一？（上）,/article/289916.html,https://img.huxiucdn.com/article/cover/201903/20/103734317641.jpg?imageView2/1/w/720/h/405/|imageMogr2/strip/interlace/1/quality/85/format/jpg,https://img.huxiucdn.com/auth/data/avatar/9.png?imageView2/1/w/72/h/72/|imageMogr2/strip/interlace/1/quality/85/format/png,小Q逗你玩©,3分钟前
终于，我们把孩子培养成了上等人,/article/289911.html,https://img.huxiucdn.com/article/cover/201812/06/174136270477.jpg?imageView2/1/w/720/h/405/|imageMogr2/strip/interlace/1/quality/85/format/jpg,https://img.huxiucdn.com/auth/data/avatar/001/59/19/78_1514937690.jpg?imageView2/1/w/72/h/72/|imageMogr2/strip/interlace/1/quality/85/format/jpg,单向街书店©,14分钟前
交枪、逆风、变革：谁是中国快递之王,/article/289886.html,https://img.huxiucdn.com/article/cover/201712/30/183102897752.jpg?imageView2/1/w/720/h/405/|imageMogr2/strip/interlace/1/quality/85/format/jpg,https://img.huxiucdn.com/auth/data/avatar/002/30/39/76_1532484114.jpg?imageView2/1/w/72/h/72/|imageMogr2/strip/interlace/1/quality/85/format/jpg,衣公子的剑,1小时前
帝国与灾难：我们还能信任波音飞机吗？,/article/289850.html,https://img.huxiucdn.com/article/cover/201811/15/180521257306.jpg?imageView2/1/w/720/h/405/|imageMogr2/strip/interlace/1/quality/85/format/jpg,https://img.huxiucdn.com/auth/data/avatar/002/46/16/78_1550996914.jpg?imageView2/1/w/72/h/72/|imageMogr2/strip/interlace/1/quality/85/format/jpg,独角鲸工作坊©,2小时前
【虎嗅早报】腾讯回应多闪弹窗消息：纯属偷换概念的无稽之谈,/article/289875.html,https://img.huxiucdn.com/article/cover/201903/20/071038184626.jpg?imageView2/1/w/720/h/405/|imageMogr2/strip/interlace/1/quality/85/format/jpg,https://img.huxiucdn.com/auth/data/avatar/002/19/50/90_1529373985.jpg?imageView2/1/w/72/h/72/|imageMogr2/strip/interlace/1/quality/85/format/jpg,敲敲格,3小时前
是什么让中国的城市如此拥堵？,/article/289841.html,https://img.huxiucdn.com/article/cover/201510/22/163438007715.png?imageView2/1/w/720/h/405/|imageMogr2/strip/interlace/1/quality/85/format/png,https://img.huxiucdn.com/auth/data/avatar/002/35/01/16_1539222089.jpg?imageView2/1/w/72/h/72/|imageMogr2/strip/interlace/1/quality/85/format/jpg,原子智库,14小时前
为了圆儿时科幻梦，我们买了双 Nike 自动系带鞋,/article/289811.html,https://img.huxiucdn.com/article/cover/201903/19/174956630655.jpg?imageView2/1/w/720/h/405/|imageMogr2/strip/interlace/1/quality/85/format/jpg,https://img.huxiucdn.com/auth/data/avatar/001/53/90/48_1490598840.jpeg?imageView2/1/w/72/h/72/|imageMogr2/strip/interlace/1/quality/85/format/jpeg,张博文,14小时前
14个交易日拟减持100亿，创投基金“补课式”退出,/article/289806.html,https://img.huxiucdn.com/article/cover/201903/19/174006376410.jpg?imageView2/1/w/720/h/405/|imageMogr2/strip/interlace/1/quality/85/format/jpg,https://img.huxiucdn.com/auth/data/avatar/002/07/05/61_1547557103.jpg?imageView2/1/w/72/h/72/|imageMogr2/strip/interlace/1/quality/85/format/jpg,投中网©,14小时前
【虎嗅晚报】多闪提示用户：头像和昵称不得与微信/QQ一致；董明珠赢得了雷军的10亿赌局,/article/289780.html,https://img.huxiucdn.com/article/cover/201903/19/195113693701.jpg?imageView2/1/w/720/h/405/|imageMogr2/strip/interlace/1/quality/85/format/jpg,https://img.huxiucdn.com/auth/data/avatar/002/06/19/55_1525433150.jpg?imageView2/1/w/72/h/72/|imageMogr2/strip/interlace/1/quality/85/format/jpg,我不叫塞尔达,15小时前
中国白手起家年轻富豪榜：黄峥第一，王兴、程维有所退步,/article/289828.html,https://img.huxiucdn.com/article/cover/201903/19/185727725008.jpg?imageView2/1/w/720/h/405/|imageMogr2/strip/interlace/1/quality/85/format/jpg,https://img.huxiucdn.com/auth/data/avatar/002/19/98/99_1529917656.jpg?imageView2/1/w/72/h/72/|imageMogr2/strip/interlace/1/quality/85/format/jpg,Cuba Libre,15小时前
食品巨头玩不转了,/article/289820.html,https://img.huxiucdn.com/article/cover/201611/07/064046836611.jpg?imageView2/1/w/720/h/405/|imageMogr2/strip/interlace/1/quality/85/format/jpg,https://img.huxiucdn.com/auth/data/avatar/5.png?imageView2/1/w/72/h/72/|imageMogr2/strip/interlace/1/quality/85/format/png,经济学人商论©,16小时前
亿万富翁、美国总统和1%之间的八卦故事,/article/289816.html,https://img.huxiucdn.com/article/cover/201903/19/180054426456.jpg?imageView2/1/w/720/h/405/|imageMogr2/strip/interlace/1/quality/85/format/jpg,https://img.huxiucdn.com/auth/data/avatar/001/59/59/22_1488164365.jpg?imageView2/1/w/72/h/72/|imageMogr2/strip/interlace/1/quality/85/format/jpg,唐颖娴,16小时前
《神探蒲松龄》导演严嘉：这部片子是怎么搞砸的？,/article/289802.html,https://img.huxiucdn.com/article/cover/201903/19/145615270372.jpg?imageView2/1/w/720/h/405/|imageMogr2/strip/interlace/1/quality/85/format/jpg,https://img.huxiucdn.com/auth/data/avatar/001/33/78/39_1529823124.jpg?imageView2/1/w/72/h/72/|imageMogr2/strip/interlace/1/quality/85/format/jpg,GQ报道©,16小时前
榜爷胡润发家史：中文系也有春天,/article/289809.html,https://img.huxiucdn.com/article/cover/201903/19/174138355258.jpg?imageView2/1/w/720/h/405/|imageMogr2/strip/interlace/1/quality/85/format/jpg,https://img.huxiucdn.com/auth/data/avatar/000/09/21/06_1552984555.jpg?imageView2/1/w/72/h/72/|imageMogr2/strip/interlace/1/quality/85/format/jpg,青年横财发展会©,16小时前
对话沈南鹏：价值观的胜利,/article/289793.html,https://img.huxiucdn.com/article/cover/201903/19/165326957459.jpg?imageView2/1/w/720/h/405/|imageMogr2/strip/interlace/1/quality/85/format/jpg,https://img.huxiucdn.com/auth/data/avatar/000/03/60/84_avatar_big.jpg?imageView2/1/w/72/h/72/|imageMogr2/strip/interlace/1/quality/85/format/jpg,小晚wan,17小时前
与雷军在一栋楼办公的“友商”,/article/289603.html,https://img.huxiucdn.com/article/cover/201903/19/182158124561.jpg?imageView2/1/w/720/h/405/|imageMogr2/strip/interlace/1/quality/85/format/jpg,https://img.huxiucdn.com/auth/data/avatar/001/81/62/36_1504576090.jpg?imageView2/1/w/72/h/72/|imageMogr2/strip/interlace/1/quality/85/format/jpg,古泉君,17小时前
